,date,open,high,close,low,volume,price_change,p_change,ma5,ma10,ma20,v_ma5,v_ma10,v_ma20,turnover
2014-07-02,7.13,7.13,7.01,6.86,116781.59,0.08,1.15,7.01,7.01,7.01,116781.59,116781.59,116781.59,2.67
2014-07-03,7.0,7.09,6.88,6.85,88934.06,-0.13,-1.85,6.945,6.945,6.945,102857.83,102857.83,102857.83,2.04
2014-07-04,6.83,7.21,7.14,6.83,99262.47,0.26,3.78,7.01,7.01,7.01,101659.37,101659.37,101659.37,2.27
2014-07-07,7.11,7.27,7.03,6.97,72465.73,-0.11,-1.54,7.015,7.015,7.015,94360.96,94360.96,94360.96,1.66
2014-07-08,7.03,7.08,7.01,6.89,52019.28,-0.02,-0.28,7.014,7.014,7.014,85892.63,85892.63,85892.63,1.19
2014-07-09,7.0,7.05,7.04,6.91,41137.43,0.03,0.43,7.02,7.018,7.018,70763.79,78433.43,78433.43,0.94
2014-07-10,7.14,7.2,6.94,6.92,45195.2,-0.1,-1.42,7.032,7.007,7.007,62016.02,73685.11,73685.11,1.03
2014-07-11,6.9,7.05,6.94,6.86,42035.1,0.0,0.0,6.992,6.999,6.999,50570.55,69728.86,69728.86,0.96
2014-07-14,6.94,7.12,7.06,6.91,39132.77,0.12,1.73,6.998,7.006,7.006,43903.96,66329.29,66329.29,0.9
2014-07-15,7.1,7.18,7.08,7.02,41686.18,0.02,0.28,7.012,7.013,7.013,41837.34,63864.98,63864.98,0.95
2014-07-16,7.09,7.14,7.03,6.97,35607.98,-0.05,-0.71,7.01,7.015,7.015,40731.45,55747.62,61296.16,0.82
2014-07-17,7.03,7.2,7.1,6.98,56013.0,0.07,1.0,7.042,7.037,7.022,42895.01,52455.51,60855.9,1.28
2014-07-18,7.1,7.16,7.1,6.98,42674.01,0.0,0.0,7.074,7.033,7.028,43022.79,46796.67,59457.29,0.98
2014-07-21,7.09,7.11,7.02,6.96,36294.82,-0.08,-1.13,7.066,7.032,7.027,42455.2,43179.58,57802.83,0.83
2014-07-22,6.97,7.1,7.07,6.91,53857.75,0.05,0.71,7.064,7.038,7.03,44889.51,43363.42,57539.82,1.23
2014-07-23,7.1,7.1,7.04,6.96,39521.88,-0.03,-0.42,7.066,7.038,7.031,45672.29,43201.87,56413.7,0.9
2014-07-24,7.02,7.08,6.69,6.69,92186.73,-0.35,-4.97,6.984,7.013,7.011,52907.04,47901.02,58518.0,2.11
2014-07-25,6.57,6.84,6.81,6.5,45758.42,0.12,1.79,6.926,7.0,6.999,53523.92,48273.35,57809.13,1.05
2014-07-28,6.8,6.97,6.91,6.76,41062.94,0.1,1.47,6.904,6.985,6.995,54477.54,48466.37,56927.75,0.94
2014-07-29,6.88,6.97,6.9,6.86,48447.1,-0.01,-0.14,6.87,6.967,6.99,53395.41,49142.46,56503.72,1.11
2014-07-30,6.89,6.89,6.81,6.77,59902.78,-0.09,-1.3,6.824,6.945,6.98,57471.59,51571.94,53659.78,1.37
2014-07-31,6.8,7.15,7.15,6.79,86176.02,0.34,4.99,6.916,6.95,6.994,56269.45,54588.25,53521.88,1.97
2014-08-01,7.1,7.35,7.13,7.07,125920.68,-0.02,-0.28,6.98,6.953,6.993,72301.9,62912.91,54854.79,2.88
2014-08-04,7.13,7.13,7.06,6.95,90970.96,-0.07,-0.98,7.01,6.957,6.995,82283.51,68380.53,55780.05,2.08
2014-08-05,7.06,7.24,7.18,7.04,70959.89,0.12,1.7,7.066,6.968,7.003,86786.07,70090.74,56727.08,1.62
2014-08-06,7.14,7.54,7.42,7.06,109796.76,0.24,3.34,7.188,7.006,7.022,96764.86,77118.23,60160.05,2.51
2014-08-07,7.36,7.44,7.25,7.24,80027.3,-0.17,-2.29,7.208,7.062,7.038,95535.12,75902.29,61901.65,1.83
2014-08-08,7.22,7.39,7.29,7.22,54434.45,0.04,0.55,7.24,7.11,7.055,81237.87,76769.89,62521.62,1.25
2014-08-11,7.25,7.29,7.19,7.09,120673.06,-0.1,-1.37,7.266,7.138,7.062,87178.29,84730.9,66598.64,2.76
2014-08-12,7.17,7.26,7.22,7.15,61078.1,0.03,0.42,7.274,7.17,7.069,85201.93,85994.0,67568.23,1.4
2014-08-13,7.22,7.41,7.32,7.21,92177.54,0.1,1.39,7.254,7.221,7.083,81678.09,89221.48,70396.71,2.11
2014-08-14,7.3,7.5,7.33,7.23,90694.39,0.01,0.14,7.27,7.239,7.095,83811.51,89673.31,72130.78,2.08
2014-08-15,7.33,7.48,7.4,7.29,70867.24,0.07,0.95,7.292,7.266,7.11,87098.07,84167.97,73540.44,1.62
2014-08-18,7.42,7.77,7.61,7.41,168301.17,0.21,2.84,7.376,7.321,7.139,96623.69,91900.99,80140.76,3.85
2014-08-19,7.59,7.69,7.65,7.54,88717.71,0.04,0.53,7.462,7.368,7.168,102151.61,93676.77,81883.76,2.03
2014-08-20,7.69,7.7,7.55,7.55,69748.41,-0.1,-1.31,7.508,7.381,7.194,97665.78,89671.94,83395.08,1.6
2014-08-21,7.55,7.85,7.75,7.55,112751.09,0.2,2.65,7.592,7.431,7.247,102077.12,92944.32,84423.3,2.58
2014-08-22,7.73,7.97,7.79,7.69,93540.95,0.04,0.52,7.67,7.481,7.296,106611.87,96854.97,86812.43,2.14
2014-08-25,7.79,7.84,7.64,7.64,89727.34,-0.15,-1.93,7.676,7.526,7.332,90897.1,93760.39,89245.65,2.05
2014-08-26,7.6,7.78,7.5,7.43,82066.19,-0.14,-1.83,7.646,7.554,7.362,89566.8,95859.2,90926.6,1.88
2014-08-27,7.5,7.61,7.53,7.45,47404.84,0.03,0.4,7.642,7.575,7.398,85098.08,91381.93,90301.7,1.09
2014-08-28,7.54,7.63,7.47,7.45,44310.35,-0.06,-0.8,7.586,7.589,7.414,71409.93,86743.53,88208.42,1.01
2014-08-29,7.46,7.6,7.58,7.44,41896.05,0.11,1.47,7.544,7.607,7.437,61080.95,83846.41,84007.19,0.96
2014-09-01,7.59,7.95,7.8,7.59,70861.09,0.22,2.9,7.576,7.626,7.474,57307.7,74102.4,83001.7,1.62
2014-09-02,7.85,7.91,7.84,7.75,83681.8,0.04,0.51,7.644,7.645,7.507,57630.83,73598.81,83637.79,1.92
2014-09-03,7.8,8.08,7.97,7.79,132488.38,0.13,1.66,7.732,7.687,7.534,74647.53,79872.81,84772.37,3.03
2014-09-04,7.97,8.1,7.97,7.95,70975.74,0.0,0.0,7.832,7.709,7.57,79980.61,75695.27,84319.79,1.62
2014-09-05,7.98,8.37,8.33,7.98,136850.03,0.36,4.52,7.982,7.763,7.622,98971.41,80026.18,88440.57,3.13
2014-09-09,8.32,8.75,8.75,8.32,162819.73,0.42,5.04,8.172,7.874,7.7,117363.14,87335.42,90547.91,3.73
2015-03-31,9.63,9.63,9.63,9.63,11509.72,0.88,10.06,8.53,8.087,7.821,102928.72,80279.77,88069.49,0.26
2015-04-01,10.59,10.59,10.59,10.59,9061.56,0.96,9.97,9.054,8.393,7.984,78243.36,76445.45,83913.69,0.21
2015-04-02,11.65,11.65,11.65,10.59,335958.44,1.06,10.01,9.79,8.811,8.2,131239.9,105610.25,96176.89,7.69
2015-04-03,12.68,12.82,12.82,12.39,304292.06,1.17,10.04,10.688,9.335,8.471,164728.3,131849.86,107848.13,6.97
2015-04-07,13.9,13.9,13.23,12.51,954505.69,0.41,3.2,11.584,9.878,8.752,323065.49,220214.32,147158.36,21.85
2015-04-08,12.98,12.98,12.7,12.3,442144.69,-0.53,-4.01,12.198,10.364,9.005,409192.49,256060.6,164829.71,10.12
2015-04-09,12.5,12.95,12.79,12.08,338568.88,0.09,0.71,12.638,10.846,9.267,475093.95,276668.65,178270.73,7.75
2015-04-10,12.65,12.97,12.77,12.51,277586.16,-0.02,-0.16,12.862,11.326,9.518,463419.5,297329.7,186512.48,6.36
2015-04-13,12.83,12.94,12.8,12.5,300842.78,0.03,0.23,12.858,11.773,9.768,462729.64,313728.97,196877.58,6.89
2015-04-14,12.91,13.48,13.0,12.8,388976.5,0.2,1.56,12.812,12.198,10.036,349623.8,336344.65,211840.03,8.91
2015-04-15,13.05,13.18,12.04,12.02,277379.06,-0.96,-7.38,12.68,12.439,10.263,316670.68,362931.58,221605.68,6.35
2015-04-16,11.79,11.99,11.79,11.3,193483.3,-0.25,-2.08,12.48,12.559,10.476,287653.56,381373.76,228909.6,4.43
2015-04-17,11.91,12.22,11.9,11.82,180417.98,0.11,0.93,12.306,12.584,10.698,268219.92,365819.71,235714.98,4.13
2015-04-20,11.69,11.74,11.28,11.26,248201.97,-0.62,-5.21,12.002,12.43,10.883,257691.76,360210.7,246030.28,5.68
2015-04-21,11.27,11.91,11.85,11.19,178387.02,0.57,5.05,11.772,12.292,11.085,215573.87,282598.83,251406.57,4.08
2015-04-22,11.96,12.48,12.18,11.96,231373.62,0.33,2.79,11.8,12.24,11.302,206372.78,261521.73,258791.17,5.3
2015-04-23,12.2,12.47,12.35,12.03,214506.44,0.17,1.4,11.912,12.196,11.521,210577.41,249115.48,262892.07,4.91
2015-04-24,12.39,12.8,12.62,12.2,246818.48,0.27,2.19,12.056,12.181,11.754,223857.51,246038.72,271684.21,5.65
2015-04-27,12.66,12.96,12.41,12.34,210446.78,-0.21,-1.66,12.282,12.142,11.958,216306.47,236999.12,275364.04,4.82
2015-04-28,12.49,12.49,11.64,11.5,204230.31,-0.77,-6.21,12.24,12.006,12.102,221475.13,218524.5,277434.57,4.68
2015-04-29,11.58,11.95,11.8,11.32,125282.45,0.16,1.38,12.164,11.982,12.211,200256.89,203314.84,283123.21,2.87
2015-04-30,11.75,11.9,11.7,11.65,119839.28,-0.1,-0.85,12.034,11.973,12.266,181323.46,195950.43,288662.09,2.74
2015-05-04,11.7,12.23,12.08,11.7,163089.45,0.38,3.25,11.926,11.991,12.288,164577.65,194217.58,280018.64,3.73
2015-05-05,12.13,12.13,11.66,11.63,119215.88,-0.42,-3.48,11.776,12.029,12.23,146331.47,181318.97,270764.84,2.73
2015-05-06,11.66,12.03,11.61,11.33,122751.05,-0.05,-0.43,11.77,12.005,12.149,130035.62,175755.37,229177.1,2.81
2015-05-07,11.53,11.54,10.96,10.89,110723.53,-0.65,-5.6,11.602,11.883,12.062,127123.84,163690.37,212606.05,2.54
2015-05-08,10.99,11.28,11.28,10.99,101394.72,0.32,2.92,11.518,11.776,11.986,123434.93,152379.19,200747.34,2.32
2015-05-11,11.41,11.84,11.79,11.33,138972.05,0.51,4.52,11.46,11.693,11.937,118611.45,141594.55,193816.63,3.18
2015-05-12,11.9,12.13,12.13,11.7,209519.28,0.34,2.88,11.554,11.665,11.904,136672.13,141501.8,189250.46,4.8
2015-05-13,12.08,12.09,11.92,11.81,180126.81,-0.21,-1.73,11.616,11.693,11.85,148147.28,139091.45,178807.97,4.12
2015-05-14,11.95,13.11,13.11,11.95,466766.56,1.19,9.98,12.046,11.824,11.903,219355.88,173239.86,188277.35,10.69
2015-05-15,13.3,13.3,12.67,12.51,341277.59,-0.44,-3.36,12.324,11.921,11.947,267332.46,195383.69,195667.06,7.81
2015-05-18,12.55,13.82,13.58,12.43,420801.28,0.91,7.18,12.682,12.071,12.031,323698.3,221154.88,207686.23,9.63
2015-05-19,13.6,14.77,14.18,13.6,379283.19,0.6,4.42,13.092,12.323,12.176,357651.09,247161.61,214240.29,8.68
2015-05-20,14.28,14.88,14.01,13.92,386493.19,-0.17,-1.2,13.51,12.563,12.284,398924.36,273535.82,224645.6,8.85
2015-05-21,13.9,14.32,14.18,13.7,288851.41,0.17,1.21,13.724,12.885,12.384,363341.33,291348.61,227519.49,6.61
2015-05-22,14.2,14.49,14.22,13.73,301686.56,0.04,0.28,14.034,13.179,12.478,355423.13,311377.79,231878.49,6.91
2015-05-25,14.27,15.27,15.21,14.27,347315.09,0.99,6.96,14.36,13.521,12.607,340725.89,332212.1,236903.32,7.95
2015-05-26,15.3,16.12,15.93,15.0,361252.47,0.72,4.73,14.71,13.901,12.783,337119.74,347385.42,244443.61,8.27
2015-05-27,15.94,16.42,15.67,15.4,324346.5,-0.26,-1.63,15.042,14.276,12.985,324690.41,361807.38,250449.42,7.43
2015-05-28,15.5,15.9,14.1,14.1,375394.69,-1.57,-10.02,15.026,14.375,13.1,341999.06,352670.2,262955.03,8.59
2015-05-29,13.95,14.28,13.74,12.88,332251.22,-0.36,-2.55,14.93,14.482,13.202,348111.99,351767.56,273575.63,7.61
2015-06-01,13.74,14.59,14.5,13.74,247423.14,0.76,5.53,14.788,14.574,13.323,328133.6,334429.75,277792.31,5.66
2015-06-02,14.53,15.2,15.16,14.36,282280.16,0.66,4.55,14.634,14.672,13.498,312339.14,324729.44,285945.52,6.46
2015-06-03,15.16,15.77,15.51,14.81,342915.09,0.35,2.31,14.602,14.822,13.693,316052.86,320371.63,296953.73,7.85
2015-06-04,15.51,15.58,15.18,14.1,278946.62,-0.33,-2.13,14.818,14.922,13.904,296763.25,319381.15,305364.88,6.39
2015-06-05,15.3,15.98,15.83,15.2,402330.31,0.65,4.28,15.236,15.083,14.131,310779.06,329445.53,320411.66,9.21
2015-06-08,15.84,17.33,17.0,15.7,478662.16,1.17,7.39,15.736,15.262,14.392,357026.87,342580.24,337396.17,10.96
2015-06-09,16.9,16.9,16.52,16.09,295825.0,-0.48,-2.82,16.008,15.321,14.611,359735.84,336037.49,341711.45,6.77
2015-06-10,16.5,16.99,16.63,16.0,265453.22,0.11,0.67,16.232,15.417,14.847,344243.46,330148.16,345977.77,6.08
2015-06-11,16.6,16.7,16.44,16.2,217284.91,-0.19,-1.14,16.484,15.651,15.013,331911.12,314337.18,333503.69,4.97
2015-06-12,16.52,17.18,16.86,16.25,280436.09,0.42,2.56,16.69,15.963,15.223,307532.28,309155.67,330461.62,6.42
2015-06-15,16.9,17.7,17.24,16.9,297807.56,0.38,2.25,16.738,16.237,15.406,271361.36,314194.11,324311.93,6.82
2015-06-16,16.95,16.96,15.8,15.6,268016.09,-1.44,-8.35,16.594,16.301,15.487,265799.57,312767.7,318748.57,6.14
2015-06-17,15.69,16.15,16.03,14.51,224515.52,0.23,1.46,16.474,16.353,15.588,257612.03,300927.75,310649.69,5.14
2015-06-18,16.03,16.28,15.24,15.1,165170.86,-0.79,-4.93,16.234,16.359,15.641,247189.22,289550.17,304465.66,3.78
2015-06-19,14.8,15.15,13.74,13.72,185577.31,-1.5,-9.84,15.61,16.15,15.617,228217.47,267874.87,298660.2,4.25
2015-06-23,13.53,14.27,13.99,12.7,167189.67,0.25,1.82,14.96,15.849,15.556,202093.89,236727.62,289653.93,3.83
2015-06-24,14.2,14.4,14.26,13.88,166559.39,0.27,1.93,14.652,15.623,15.472,181802.55,223801.06,279919.28,3.81
2015-06-25,14.36,14.39,13.46,13.13,150124.61,-0.8,-5.61,14.138,15.306,15.362,166924.37,212268.2,271208.18,3.44
2015-06-26,12.96,13.39,12.11,12.11,150825.92,-1.35,-10.03,13.512,14.873,15.262,164055.38,205622.3,259979.74,3.45
2015-06-29,12.5,12.6,10.9,10.9,173455.67,-1.21,-9.99,12.944,14.277,15.12,161631.05,194924.26,252039.97,3.97
2015-06-30,11.07,11.71,11.63,9.81,225053.8,0.73,6.7,12.472,13.716,14.977,173203.88,187648.88,250921.5,5.15
2015-07-01,11.42,11.88,10.53,10.47,157550.84,-1.1,-9.46,11.726,13.189,14.745,171402.17,176602.36,244685.03,3.61
2015-07-02,10.4,10.76,9.67,9.56,173092.98,-0.86,-8.17,10.968,12.553,14.453,175995.84,171460.11,236193.93,3.96
2015-07-03,9.39,9.92,8.7,8.7,180902.02,-0.97,-10.03,10.286,11.899,14.129,182011.06,173033.22,231291.7,4.14
2015-07-06,9.57,9.57,8.08,7.83,231814.42,-0.62,-7.13,9.722,11.333,13.742,193682.81,177656.93,222765.9,5.31
2015-07-07,7.8,7.8,7.27,7.27,97652.76,-0.81,-10.03,8.85,10.661,13.255,168202.6,170703.24,203715.43,2.24
2015-07-14,8.0,8.0,8.0,8.0,1671.2,0.73,10.04,8.344,10.035,12.829,137026.68,154214.42,189007.74,0.04
2015-07-15,8.8,8.8,8.49,8.18,397601.66,0.49,6.12,8.108,9.538,12.422,181928.41,178962.13,195615.16,9.1
2015-07-16,8.45,9.08,8.81,7.64,303193.44,0.32,3.77,8.13,9.208,12.041,206386.7,194198.88,199910.59,6.94
2015-07-17,8.83,9.69,9.69,8.83,267693.81,0.88,9.99,8.452,9.087,11.682,213562.57,203622.69,199273.48,6.13
2015-07-20,9.67,10.13,9.86,9.43,279919.38,0.17,1.75,8.97,8.91,11.313,250015.9,209109.25,198379.07,6.41
2015-07-21,9.59,10.2,9.98,9.44,216748.59,0.12,1.22,9.366,8.855,11.022,293031.38,215029.03,195815.69,4.96
2015-07-22,9.99,10.08,9.88,9.46,205082.88,-0.1,-1.0,9.644,8.876,10.715,254527.62,218228.02,194844.06,4.7
2015-07-23,9.77,10.48,10.29,9.76,226988.77,0.41,4.15,9.94,9.035,10.467,239286.69,222836.69,197934.96,5.2
2015-07-24,10.29,10.55,9.98,9.86,232496.67,-0.31,-3.01,9.998,9.225,10.279,232247.26,222904.92,200280.92,5.32
2015-07-27,9.69,9.93,8.98,8.98,189763.25,-1.0,-10.02,9.822,9.396,10.029,214216.03,232115.97,201409.6,4.34
2015-07-28,8.23,8.98,8.37,8.08,185492.67,-0.61,-6.79,9.5,9.433,9.734,207964.85,250498.11,202356.27,4.25
2015-07-29,8.75,9.08,9.06,8.2,143510.92,0.69,8.24,9.336,9.49,9.514,195650.46,225089.04,202025.58,3.29
2015-07-30,8.98,9.26,8.61,8.61,152947.66,-0.45,-4.97,9.0,9.47,9.339,180842.23,210064.46,202131.67,3.5
2015-07-31,8.61,8.97,8.65,8.45,107430.74,0.04,0.47,8.734,9.366,9.227,155829.05,194038.15,198830.42,2.46
2015-08-03,8.55,8.8,8.29,7.79,108637.46,-0.36,-4.16,8.596,9.209,9.06,139603.89,176909.96,193009.61,2.49
2015-08-04,8.32,9.06,9.06,8.3,121849.14,0.77,9.29,8.734,9.117,8.986,126875.18,167420.02,191224.52,2.79
2015-08-05,9.11,9.27,8.94,8.79,154283.39,-0.12,-1.32,8.71,9.023,8.95,129029.68,162340.07,190284.04,3.53
2015-08-06,8.68,9.19,9.14,8.55,123117.21,0.2,2.24,8.816,8.908,8.972,123063.59,151952.91,187394.8,2.82
2015-08-07,9.11,9.45,9.44,9.11,143946.48,0.3,3.28,8.974,8.854,9.04,130366.74,143097.89,183001.4,3.3
2015-08-10,9.5,10.0,9.89,9.36,185031.2,0.45,4.77,9.294,8.945,9.171,145645.48,142624.69,187370.33,4.24
2015-08-11,9.8,10.06,9.87,9.68,186656.84,-0.02,-0.2,9.456,9.095,9.264,158607.02,142741.1,196619.61,4.27
2015-08-12,9.74,10.0,9.52,9.5,153025.97,-0.35,-3.55,9.572,9.141,9.316,158355.54,143692.61,184390.82,3.5
2015-08-13,9.42,10.47,10.47,9.33,249947.2,0.95,9.98,9.838,9.327,9.399,183721.54,153392.56,181728.51,5.72
2015-08-14,10.61,10.87,10.4,10.32,295441.12,-0.07,-0.67,10.03,9.502,9.434,214020.47,172193.6,183115.88,6.76
2015-08-17,10.25,10.7,10.58,10.05,196863.38,0.18,1.73,10.168,9.731,9.47,216386.9,181016.19,178963.08,4.51
2015-08-18,10.56,10.57,9.52,9.52,215705.91,-1.06,-10.02,10.098,9.777,9.447,222196.72,190401.87,178910.94,4.94
2015-08-19,9.13,10.09,9.78,8.6,166235.31,0.26,2.73,10.15,9.861,9.442,224838.58,191597.06,176968.56,3.81
2015-08-20,9.5,9.87,9.3,9.28,123246.61,-0.48,-4.91,9.916,9.877,9.393,199498.47,191610.0,171781.46,2.82
2015-08-21,9.07,9.38,8.82,8.69,113364.66,-0.48,-5.16,9.6,9.815,9.335,163083.17,188551.82,165824.86,2.6
2015-08-24,8.37,8.61,7.94,7.94,99242.12,-0.88,-9.98,9.072,9.62,9.283,143558.92,179972.91,161298.8,2.27
2015-08-25,7.17,7.41,7.15,7.15,99198.85,-0.79,-9.95,8.598,9.348,9.222,120257.51,171227.11,156984.11,2.27
2015-08-26,7.21,7.41,6.72,6.53,129928.78,-0.43,-6.01,7.986,9.068,9.105,112996.2,168917.39,156305.0,2.97
2015-08-27,6.98,7.14,7.13,6.63,88772.75,0.41,6.1,7.552,8.734,9.031,106101.43,152799.95,153096.26,2.03
2015-08-28,7.2,7.68,7.64,7.15,130634.49,0.51,7.15,7.316,8.458,8.98,109555.4,136319.29,154256.44,2.99
2015-08-31,7.43,7.85,7.52,7.34,144677.28,-0.12,-1.57,7.232,8.152,8.942,118642.43,131100.68,156058.43,3.31
2015-09-01,7.5,7.62,6.95,6.88,119053.08,-0.57,-7.58,7.192,7.895,8.836,122613.28,121435.39,155918.63,2.73
2015-09-02,6.58,7.28,6.7,6.58,77588.92,-0.25,-3.6,7.188,7.587,8.724,112145.3,112570.75,152083.91,1.78
2015-09-07,6.93,7.19,6.98,6.83,68889.3,0.28,4.18,7.158,7.355,8.616,108168.61,107135.02,149372.51,1.58
2015-09-08,7.01,7.38,7.34,6.86,72343.37,0.36,5.16,7.098,7.207,8.511,96510.39,103032.89,145792.36,1.66
2015-09-09,7.35,7.66,7.66,7.26,133984.16,0.32,4.36,7.126,7.179,8.4,94371.77,106507.1,143240.01,3.07
2015-09-10,7.45,7.65,7.37,7.37,82546.12,-0.29,-3.79,7.21,7.201,8.275,87070.37,104841.83,138034.47,1.89
2015-09-11,7.45,7.84,7.73,7.33,113774.75,0.36,4.88,7.416,7.302,8.185,94307.54,103226.42,136071.91,2.6
2015-09-14,7.75,7.82,7.15,6.96,116607.86,-0.58,-7.5,7.45,7.304,8.019,103851.25,106009.93,129404.94,2.67
2015-09-15,7.02,7.33,7.2,6.73,105353.68,0.05,0.7,7.422,7.26,7.859,110453.31,103481.85,119900.57,2.41
2015-09-16,7.2,7.92,7.83,7.06,155362.8,0.63,8.75,7.456,7.291,7.722,114729.04,104550.4,117825.54,3.56
2015-09-17,7.75,8.1,7.6,7.55,185899.59,-0.23,-2.94,7.502,7.356,7.626,135399.74,111235.06,116335.22,4.26
2015-09-18,7.64,7.74,7.63,7.49,88379.52,0.03,0.4,7.482,7.449,7.518,130320.69,112314.12,112442.43,2.02
2015-09-21,7.55,7.9,7.85,7.5,97615.37,0.22,2.88,7.622,7.536,7.446,126522.19,115186.72,111160.87,2.23
2015-09-22,7.87,7.95,7.81,7.72,93581.9,-0.04,-0.51,7.744,7.583,7.395,124167.84,117310.57,110171.73,2.14
2015-09-23,7.67,7.77,7.6,7.45,77321.45,-0.21,-2.69,7.698,7.577,7.378,108559.57,111644.3,109075.7,1.77
2015-09-24,7.57,7.84,7.76,7.57,66951.94,0.16,2.1,7.73,7.616,7.409,84770.04,110084.89,107463.36,1.53
2015-09-25,7.7,7.76,7.32,7.28,71579.93,-0.44,-5.67,7.668,7.575,7.439,81410.12,105865.4,104545.91,1.64
2015-09-28,7.4,7.51,7.48,7.2,55766.7,0.16,2.19,7.594,7.608,7.456,73040.38,99781.29,102895.61,1.28
2015-09-29,7.38,7.55,7.51,7.28,70862.62,0.03,0.4,7.534,7.639,7.45,68496.53,96332.18,99907.02,1.62
2015-09-30,7.45,8.2,7.99,7.45,150276.06,0.48,6.39,7.612,7.655,7.473,83087.45,95823.51,100186.96,3.44
2015-10-07,7.98,8.03,8.0,7.95,6143.5,0.01,0.12,7.66,7.695,7.526,70925.76,77847.9,94541.48,0.14
2015-10-08,8.16,8.35,8.27,7.99,137134.75,0.28,3.5,7.85,7.759,7.604,84036.73,82723.42,97518.77,3.14
2015-10-09,8.27,8.32,8.25,8.07,105758.9,-0.02,-0.24,8.004,7.799,7.668,94035.17,83537.77,99362.25,2.42
2015-10-12,8.33,8.95,8.88,8.26,173687.75,0.63,7.64,8.278,7.906,7.745,114600.19,91548.36,104429.47,3.98
2015-10-13,8.91,9.77,9.77,8.86,259148.48,0.89,10.02,8.634,8.123,7.85,136374.68,109731.06,110687.68,5.93
2015-10-14,9.58,9.6,9.32,9.22,209246.27,-0.45,-4.61,8.898,8.279,7.948,176995.23,123960.5,117022.69,4.79
2015-10-15,9.18,9.5,9.43,9.18,128403.38,0.11,1.18,9.13,8.49,8.033,175248.96,129642.84,117754.12,2.94
2015-10-16,9.48,9.65,9.48,9.23,155306.94,0.05,0.53,9.376,8.69,8.149,185158.56,139596.87,119689.08,3.56
2015-10-19,9.5,9.56,9.28,9.1,139509.16,-0.2,-2.11,9.456,8.867,8.253,178322.85,146461.52,121396.85,3.19
2015-10-20,9.25,9.55,9.51,9.08,133125.38,0.23,2.48,9.404,9.019,8.337,153118.23,144746.45,120284.98,3.05
2015-10-21,9.56,9.89,8.88,8.85,208872.89,-0.63,-6.62,9.316,9.107,8.401,153043.55,165019.39,121433.64,4.78
2015-10-22,8.8,9.15,9.14,8.66,126380.64,0.26,2.93,9.258,9.194,8.477,152639.0,163943.98,123333.7,2.89
2015-10-23,9.12,10.05,10.05,9.11,232735.0,0.91,9.96,9.372,9.374,8.587,168124.61,176641.59,130089.68,5.33
2015-10-26,10.3,10.99,10.46,10.0,332189.84,0.41,4.08,9.608,9.532,8.719,206660.75,192491.8,142020.08,7.61
2015-10-27,10.27,10.8,10.55,9.71,221456.05,0.09,0.86,9.816,9.61,8.867,224326.88,188722.56,149226.81,5.07
2015-10-28,10.68,11.1,10.52,10.4,220078.44,-0.03,-0.28,10.144,9.73,9.005,226567.99,189805.77,156883.13,5.04
2015-10-29,10.62,10.82,10.52,10.2,192964.03,0.0,0.0,10.42,9.839,9.165,239884.67,196261.84,162952.34,4.42
2015-10-30,10.45,10.6,10.35,10.15,138763.88,-0.17,-1.62,10.48,9.926,9.308,221090.45,194607.53,167102.2,3.18
2015-11-02,10.05,10.58,10.14,10.0,108813.71,-0.21,-2.03,10.416,10.012,9.44,176415.22,191537.99,168999.75,2.49
2015-11-03,10.11,10.27,9.93,9.75,100243.3,-0.21,-2.07,10.292,10.054,9.537,152172.67,188249.78,166498.11,2.3
2015-11-04,10.02,10.92,10.58,10.0,193761.7,0.65,6.55,10.304,10.224,9.666,146909.32,186738.66,175879.02,4.44
2015-11-05,10.64,10.76,10.49,10.4,145800.59,-0.09,-0.85,10.298,10.359,9.777,137476.64,188680.65,176312.32,3.34
2015-11-06,10.68,11.54,11.54,10.68,204441.06,1.05,10.01,10.536,10.508,9.941,150612.07,185851.26,181246.42,4.68
2015-11-09,12.35,12.69,12.69,12.11,552790.88,1.15,9.96,11.046,10.731,10.132,239407.51,207911.36,200201.58,12.66
2015-11-10,12.3,13.56,13.47,12.19,366409.22,0.78,6.15,11.754,11.023,10.317,292640.69,222406.68,205564.62,8.39
2015-11-11,13.38,14.82,14.82,13.16,497178.94,1.35,10.02,12.602,11.453,10.592,353324.14,250116.73,219961.25,11.38
2015-11-12,14.8,14.8,14.16,13.8,474494.44,-0.66,-4.45,13.336,11.817,10.828,419062.91,278269.77,237265.8,10.86
2015-11-13,13.91,14.8,14.1,13.66,335032.28,-0.06,-0.42,13.848,12.192,11.059,445181.15,297896.61,246252.07,7.67
2015-11-16,13.5,14.5,14.18,13.36,230265.16,0.08,0.57,14.146,12.596,11.304,380676.01,310041.76,250789.87,5.27
2015-11-17,14.21,15.3,14.32,14.21,354653.09,0.14,0.99,14.316,13.035,11.545,378324.78,335482.74,261866.26,8.12
2015-11-18,14.21,14.41,13.51,13.51,199710.75,-0.81,-5.66,14.054,13.328,11.776,318831.14,336077.64,261408.15,4.57
2015-11-19,13.54,14.77,14.63,13.2,256069.95,1.12,8.29,14.148,13.742,12.051,275146.25,347104.58,267892.62,5.86
2015-11-20,14.3,15.11,14.54,14.2,269946.88,-0.09,-0.61,14.236,14.042,12.275,262129.17,353655.16,269753.21,6.18
2015-11-23,14.3,15.28,14.6,14.25,230785.38,0.06,0.41,14.32,14.233,12.482,262233.21,321454.61,264682.99,5.28
2015-11-24,14.59,15.09,14.96,14.23,162068.91,0.36,2.47,14.448,14.382,12.703,223716.37,301020.58,261713.63,3.71
2015-11-25,15.1,15.3,14.96,14.7,178995.38,0.0,0.0,14.738,14.396,12.925,219573.3,269202.22,259659.48,4.1
2015-11-26,14.98,16.2,15.56,14.96,270801.38,0.6,4.01,14.924,14.536,13.177,222519.59,248832.92,263551.34,6.2
2015-11-27,15.49,16.19,14.45,14.1,291644.59,-1.11,-7.13,14.906,14.571,13.382,226859.13,244494.15,271195.38,6.68
2015-11-30,14.63,14.97,14.23,13.56,209310.72,-0.22,-1.52,14.832,14.576,13.586,222564.2,242398.7,276220.23,4.79
2015-12-01,14.19,14.49,13.68,13.55,172036.05,-0.55,-3.87,14.576,14.512,13.774,224557.62,224137.0,279809.87,3.94
2015-12-02,13.6,13.69,13.12,12.5,166185.91,-0.56,-4.09,14.208,14.473,13.901,221995.73,220784.52,278431.08,3.8
2015-12-03,13.13,14.38,14.12,13.13,182974.12,1.0,7.62,13.92,14.422,14.082,204430.28,213474.93,280289.75,4.19
2015-12-04,14.0,14.36,14.08,13.5,172117.55,-0.04,-0.28,13.846,14.376,14.209,180524.87,203692.0,278673.58,3.94
2015-12-07,14.08,14.28,14.09,13.88,117508.84,0.01,0.07,13.818,14.325,14.279,162164.49,192364.35,256909.48,2.69
2015-12-08,14.2,14.24,13.9,13.75,99917.28,-0.19,-1.35,13.862,14.219,14.301,147740.74,186149.18,243584.88,2.29
2015-12-09,13.9,13.94,13.36,12.81,154711.38,-0.54,-3.88,13.91,14.059,14.228,145445.83,183720.78,226461.5,3.54
2015-12-10,13.34,14.7,14.7,13.01,237862.34,1.34,10.03,14.026,13.973,14.255,156423.48,180426.88,214629.9,5.45
2016-04-21,16.17,16.17,14.23,14.0,917347.56,-0.47,-3.2,14.056,13.951,14.261,305469.48,242997.18,243745.66,20.71
2016-04-22,13.55,13.9,12.95,12.81,474390.03,-1.28,-8.99,13.828,13.823,14.2,376845.72,269505.11,255951.9,10.71
2016-04-25,13.0,13.22,12.94,12.4,295986.28,-0.01,-0.08,13.636,13.749,14.131,416059.52,281900.13,253018.56,6.68
2016-04-26,13.08,14.23,13.46,12.98,392534.06,0.52,4.02,13.656,13.783,14.128,463624.05,304534.94,262659.73,8.86
2016-04-27,13.46,13.89,13.4,13.23,240598.72,-0.06,-0.45,13.396,13.711,14.067,464171.33,310297.4,261886.17,5.43
2016-04-28,13.6,13.83,13.75,13.36,207707.05,0.35,2.61,13.3,13.678,14.027,322243.23,313856.35,258774.18,4.69
2016-04-29,13.44,13.56,13.28,13.18,167754.55,-0.47,-3.42,13.366,13.597,13.961,260916.13,318880.92,255622.63,3.79
2016-05-03,13.28,13.57,13.56,13.0,232514.56,0.28,2.11,13.49,13.563,13.891,248221.79,332140.65,259144.92,5.25
2016-05-04,13.4,14.01,13.64,13.35,169720.89,0.08,0.59,13.526,13.591,13.825,203659.15,333641.6,258681.19,3.83
2016-05-05,13.5,13.88,13.71,13.42,131970.22,0.07,0.51,13.588,13.492,13.733,181933.45,323052.39,251739.63,2.98
2016-05-06,13.66,14.75,13.7,13.66,249728.03,-0.01,-0.07,13.578,13.439,13.695,190337.65,256290.44,249643.81,5.64
2016-05-09,13.42,13.43,12.5,12.5,181742.77,-1.2,-8.76,13.422,13.394,13.609,193135.29,227025.71,248265.41,4.1
2016-05-10,12.25,12.62,11.79,11.63,149996.22,-0.71,-5.68,13.068,13.279,13.514,176631.63,212426.71,247163.42,3.39
2016-05-11,11.98,11.98,11.22,11.2,120838.66,-0.57,-4.83,12.584,13.055,13.419,166855.18,185257.17,244896.06,2.73
2016-05-12,10.9,11.13,10.98,10.57,106337.53,-0.24,-2.14,12.038,12.813,13.262,161728.64,171831.05,241064.23,2.4
2016-05-13,11.09,11.55,11.37,10.89,109903.02,0.39,3.55,11.572,12.575,13.127,133763.64,162050.64,237953.5,2.48
2016-05-16,11.45,11.68,11.63,11.15,83637.85,0.26,2.29,11.398,12.41,13.004,114142.66,153638.98,236259.95,1.89
2016-05-17,11.55,11.68,11.42,11.29,90823.89,-0.21,-1.81,11.324,12.196,12.88,102308.19,139469.91,235805.28,2.05
2016-05-18,11.2,11.28,10.68,10.58,78642.7,-0.74,-6.48,11.216,11.9,12.746,93869.0,130362.09,232001.85,1.78
2016-05-19,10.8,11.19,10.79,10.65,84666.63,0.11,1.03,11.178,11.608,12.55,89534.82,125631.73,224342.06,1.91
2016-05-20,10.61,11.2,11.14,10.56,80232.78,0.35,3.24,11.132,11.352,12.396,83600.77,108682.21,182486.32,1.81
2016-05-23,11.29,11.6,11.47,11.1,103744.95,0.33,2.96,11.1,11.249,12.322,87622.19,100882.42,163954.07,2.34
2016-05-24,11.4,11.93,11.6,11.37,95719.08,0.13,1.13,11.136,11.23,12.255,88601.23,95454.71,153940.71,2.16
2016-05-25,11.7,11.97,11.47,11.3,78881.58,-0.13,-1.12,11.294,11.255,12.155,88649.0,91259.0,138258.08,1.78
2016-05-26,11.6,11.73,11.42,11.07,77494.36,-0.05,-0.44,11.42,11.299,12.056,87214.55,88374.68,130102.87,1.75
2016-05-27,11.42,11.67,11.4,11.32,58898.42,-0.02,-0.17,11.472,11.302,11.939,82947.68,83274.22,122662.43,1.33
2016-05-30,11.35,11.61,11.49,10.89,57809.6,0.09,0.79,11.476,11.288,11.849,73760.61,80691.4,117165.19,1.31
2016-05-31,11.6,12.12,12.08,11.58,125824.25,0.59,5.13,11.572,11.354,11.775,79781.64,84191.44,111830.67,2.84
2016-06-01,12.17,12.26,12.03,11.93,107302.78,-0.05,-0.41,11.684,11.489,11.695,85465.88,87057.44,108709.77,2.42
2016-06-02,12.07,12.47,12.29,12.07,113688.54,0.26,2.16,11.858,11.639,11.624,92704.72,89959.63,107795.68,2.57
2016-06-03,12.36,12.5,12.31,12.12,99886.62,0.02,0.16,12.04,11.756,11.554,100902.36,91925.02,100303.61,2.26
2016-06-06,12.31,12.56,12.35,12.29,98433.36,0.04,0.33,12.212,11.844,11.547,109027.11,91393.86,96138.14,2.22
2016-06-07,12.31,12.45,12.16,12.1,63521.34,-0.19,-1.54,12.228,11.9,11.565,96566.53,88174.09,91814.4,1.43
2016-06-08,12.17,12.78,12.69,12.09,146195.34,0.53,4.36,12.36,12.022,11.639,104345.04,94905.46,93082.23,3.3
2016-06-13,12.5,13.33,12.59,12.5,167854.53,-0.1,-0.79,12.42,12.139,11.719,115178.24,103941.48,96158.08,3.79
2016-06-14,12.2,12.59,12.39,12.2,74445.11,-0.2,-1.59,12.436,12.238,11.77,110089.94,105496.15,94385.19,1.68
2016-06-15,12.23,13.15,13.11,12.17,124436.61,0.72,5.81,12.588,12.4,11.844,115290.59,112158.85,96425.12,2.81
2016-06-16,13.22,13.86,13.7,13.07,152303.44,0.59,4.5,12.896,12.562,11.958,133047.01,114806.77,99499.1,3.44
2016-06-17,13.62,13.78,13.31,13.11,128184.83,-0.39,-2.85,13.02,12.69,12.09,129444.9,116894.97,101976.21,2.89
2016-06-20,13.19,13.62,13.46,13.15,76415.38,0.15,1.13,13.194,12.807,12.223,111157.07,113167.66,101563.65,1.73
2016-06-21,13.5,13.79,13.26,13.0,117215.96,-0.2,-1.49,13.368,12.902,12.329,119711.24,114900.59,103412.8,2.65
2016-06-22,13.5,13.75,13.61,13.37,78267.91,0.35,2.64,13.468,13.028,12.436,110477.5,112884.05,102138.95,1.77
2016-06-23,13.62,14.2,13.9,13.48,117323.33,0.29,2.13,13.508,13.202,12.551,103481.48,118264.24,103219.16,2.65
2016-06-24,13.96,14.25,13.6,13.0,139099.09,-0.3,-2.16,13.566,13.293,12.658,105664.33,117554.62,106230.04,3.14
2016-06-27,13.64,14.06,14.05,13.5,105204.2,0.45,3.31,13.684,13.439,12.789,111422.1,111289.59,107615.53,2.38
2016-06-28,14.0,14.09,13.99,13.7,78851.01,-0.06,-0.43,13.83,13.599,12.919,103749.11,111730.18,108613.16,1.78
2016-06-29,14.05,14.23,13.73,13.59,110560.05,-0.26,-1.86,13.854,13.661,13.031,110207.54,110342.52,111250.68,2.5
2016-06-30,13.65,13.77,13.53,13.3,87050.09,-0.2,-1.46,13.78,13.644,13.103,104152.89,103817.19,109311.98,1.97
2016-07-01,13.5,13.78,13.51,13.5,65497.65,-0.02,-0.15,13.762,13.664,13.177,89432.6,97548.47,107221.72,1.48
2016-07-04,13.42,13.72,13.65,13.31,102358.0,0.14,1.04,13.682,13.683,13.245,88863.36,100142.73,106655.19,2.31
2016-07-05,13.6,13.68,13.46,13.32,89664.78,-0.19,-1.39,13.576,13.703,13.303,91026.11,97387.61,106144.1,2.02
2016-07-06,13.55,14.34,14.29,13.52,184591.83,0.83,6.17,13.688,13.771,13.4,105832.47,108020.0,110452.02,4.17
2016-07-07,14.23,14.23,13.96,13.84,118200.52,-0.33,-2.31,13.774,13.777,13.49,112062.56,108107.72,113185.98,2.67
2016-07-08,13.88,14.0,13.67,13.58,99882.6,-0.29,-2.08,13.806,13.784,13.539,118939.55,104186.07,110870.35,2.26
2016-07-11,13.68,13.73,13.38,13.25,133680.17,-0.29,-2.12,13.752,13.717,13.578,125203.98,107033.67,109161.63,3.02
2016-07-12,13.48,13.5,13.35,13.12,125500.96,-0.03,-0.22,13.73,13.653,13.626,132371.22,111698.67,111714.42,2.83
2016-07-13,13.39,13.5,13.38,13.33,78381.74,0.03,0.23,13.548,13.618,13.64,111129.2,108480.83,109411.68,1.77
2016-07-14,13.39,13.6,13.49,13.34,70135.97,0.11,0.82,13.454,13.614,13.629,101516.29,106789.42,105303.3,1.58
2016-07-15,13.43,13.62,13.11,13.1,86972.19,-0.38,-2.82,13.342,13.574,13.619,98934.21,108936.88,103242.67,1.96
2016-07-18,13.07,13.23,13.19,12.83,76298.08,0.08,0.61,13.304,13.528,13.606,87457.79,106330.88,103236.81,1.72
2016-07-19,13.12,13.18,13.08,12.9,55345.03,-0.11,-0.83,13.25,13.49,13.597,73426.6,102898.91,100143.26,1.25
2016-07-20,13.07,13.18,13.13,13.03,40435.54,0.05,0.38,13.2,13.374,13.573,65837.36,88483.28,98251.64,0.91
2016-07-21,13.18,13.22,13.14,13.06,53697.19,0.01,0.08,13.13,13.292,13.535,62549.61,82032.95,95070.33,1.21
2016-07-22,13.2,14.41,13.7,13.18,200193.47,0.56,4.26,13.248,13.295,13.54,85193.86,92064.03,98125.05,4.52
2016-07-25,13.66,14.14,14.1,13.57,184280.98,0.4,2.92,13.43,13.367,13.542,106790.44,97124.12,102078.89,4.16
2016-07-26,14.0,14.1,14.03,13.86,97765.04,-0.07,-0.5,13.62,13.435,13.544,115274.44,94350.52,103024.59,2.21
2016-07-27,13.96,14.02,12.88,12.66,160938.89,-1.15,-8.2,13.57,13.385,13.502,139375.11,102606.24,105543.54,3.63
2016-07-28,12.9,12.96,12.47,12.25,91958.82,-0.41,-3.18,13.436,13.283,13.449,147027.44,104788.52,105788.97,2.08
2016-07-29,12.5,12.65,12.38,12.08,58976.15,-0.09,-0.72,13.172,13.21,13.392,118783.98,101988.92,105462.9,1.33
2016-08-01,12.18,12.35,12.16,11.84,74978.71,-0.22,-1.78,12.784,13.107,13.318,96923.52,101856.98,104093.93,1.69
2016-08-02,12.16,12.4,12.32,12.11,43019.9,0.16,1.32,12.442,13.031,13.261,85974.49,100624.47,101761.69,0.97
2016-08-03,12.4,12.4,12.27,12.08,36196.22,-0.05,-0.41,12.32,12.945,13.16,61025.96,100200.54,94341.91,0.82
2016-08-04,12.28,12.46,12.45,12.24,46669.16,0.18,1.47,12.316,12.876,13.084,51968.03,99497.73,90765.34,1.05
2016-08-05,12.43,12.67,12.43,12.4,34712.68,-0.02,-0.16,12.326,12.749,13.022,47115.33,82949.66,87506.84,0.78
2016-08-08,12.43,12.7,12.66,12.32,32581.81,0.23,1.85,12.426,12.605,12.986,38635.95,67779.74,82451.93,0.74
2016-08-09,12.6,12.75,12.68,12.58,33943.54,0.02,0.16,12.498,12.47,12.953,36820.68,61397.59,77874.06,0.77
2016-08-10,12.75,12.92,12.71,12.64,38968.69,0.03,0.24,12.586,12.453,12.919,37375.18,49200.57,75903.4,0.88
2016-08-11,12.7,13.1,13.07,12.62,93023.0,0.36,2.83,12.71,12.513,12.898,46645.94,49306.99,77047.75,2.1
2016-08-12,13.03,13.85,13.64,12.91,169653.47,0.57,4.36,12.952,12.639,12.925,73634.1,60374.72,81181.82,3.83
2016-08-15,13.63,13.77,13.66,13.28,173670.55,0.02,0.15,13.152,12.789,12.948,101851.85,70243.9,86050.44,3.92
2016-08-16,13.6,13.63,13.59,13.4,101729.69,-0.07,-0.51,13.334,12.916,12.974,115409.08,76114.88,88369.68,2.3
2016-08-17,13.6,13.69,13.4,13.38,89769.67,-0.19,-1.4,13.472,13.029,12.987,125569.28,81472.23,90836.38,2.03
2016-08-18,13.38,13.5,13.38,13.2,79057.88,-0.02,-0.15,13.534,13.122,12.999,122776.25,84711.1,92104.42,1.78
2016-08-19,13.36,13.43,13.28,13.21,61058.84,-0.1,-0.75,13.462,13.207,12.978,101057.33,87345.71,85147.68,1.38
2016-08-22,13.26,13.71,13.58,13.26,114405.12,0.3,2.26,13.446,13.299,12.952,89204.24,95528.05,81653.89,2.58
2016-08-23,13.56,13.67,13.45,13.28,64672.55,-0.13,-0.96,13.418,13.376,12.923,81792.81,98600.95,79999.27,1.46
2016-08-24,13.42,13.47,13.28,13.18,53314.93,-0.17,-1.26,13.394,13.433,12.943,74501.86,100035.57,74618.07,1.2
2016-08-25,13.28,13.29,13.2,13.01,45711.73,-0.08,-0.6,13.358,13.446,12.98,67832.63,95304.44,72305.71,1.03
2016-08-26,13.3,13.37,13.1,13.09,41373.0,-0.1,-0.76,13.322,13.392,13.016,63895.47,82476.4,71425.56,0.93
2016-08-29,13.03,13.23,13.18,13.03,38995.7,0.08,0.61,13.242,13.344,13.067,48813.58,69008.91,69626.41,0.88
2016-08-30,13.08,13.23,13.1,13.06,30566.97,-0.08,-0.61,13.172,13.295,13.106,41992.47,61892.64,69003.76,0.69
2016-08-31,13.13,13.58,13.53,13.1,109823.28,0.43,3.28,13.222,13.308,13.169,53294.14,63898.0,72685.11,2.48
2016-09-01,13.64,13.84,13.46,13.39,97501.93,-0.07,-0.52,13.274,13.316,13.219,63652.18,65742.41,75226.75,2.2
2016-09-02,13.34,13.5,13.1,13.08,59039.41,-0.36,-2.67,13.274,13.298,13.253,67185.46,65540.46,76443.09,1.33
2016-09-05,13.1,13.23,12.81,12.76,73386.91,-0.29,-2.21,13.2,13.221,13.26,74063.7,61438.64,78483.34,1.66
2016-09-06,12.6,13.18,13.15,12.6,56915.88,0.34,2.65,13.21,13.191,13.284,79333.48,60662.97,79631.96,1.29
2016-09-07,13.15,13.24,13.08,13.05,44890.53,-0.07,-0.53,13.12,13.171,13.302,66346.93,59820.53,79928.05,1.01
2016-09-08,13.02,13.16,12.88,12.85,49312.01,-0.2,-1.53,13.004,13.139,13.293,56708.95,60180.56,77742.5,1.11
2016-09-09,12.95,13.04,12.85,12.85,32686.04,-0.03,-0.23,12.954,13.114,13.253,51438.27,59311.87,70894.13,0.74
2016-09-12,12.52,12.83,12.53,12.5,47969.26,-0.32,-2.49,12.898,13.049,13.197,46354.74,60209.22,64609.07,1.08
2016-09-13,12.52,12.77,12.65,12.52,28778.32,0.12,0.96,12.798,13.004,13.15,40727.23,60030.36,60961.5,0.65
2016-09-14,12.56,12.66,12.51,12.42,23188.0,-0.14,-1.11,12.684,12.902,13.105,36386.73,51366.83,57632.41,0.52
2016-09-19,12.53,12.76,12.6,12.43,34684.52,0.09,0.72,12.628,12.816,13.066,33461.23,45085.09,55413.75,0.78
2016-09-20,12.58,12.69,12.61,12.51,24431.68,0.01,0.08,12.58,12.767,13.033,31810.36,41624.32,53582.39,0.55
2016-09-21,12.68,12.69,12.6,12.54,23355.07,-0.01,-0.08,12.594,12.746,12.984,26887.52,36621.13,49029.89,0.53
2016-09-22,12.64,12.71,12.6,12.6,24248.96,0.0,0.0,12.584,12.691,12.941,25981.65,33354.44,47008.71,0.55
2016-09-23,12.6,12.82,12.66,12.55,40635.58,0.06,0.48,12.614,12.649,12.91,29471.16,32928.94,46374.74,0.92
2016-09-26,12.66,12.66,12.2,12.2,50877.43,-0.46,-3.63,12.534,12.581,12.86,32709.74,33085.49,46633.02,1.15
2016-09-27,12.0,12.25,12.25,11.97,36247.2,0.05,0.41,12.462,12.521,12.818,35072.85,33441.6,46376.73,0.82
2016-09-28,12.26,12.28,12.22,12.16,18542.21,-0.03,-0.24,12.386,12.49,12.77,34110.28,30498.9,45354.06,0.42
2016-09-29,12.22,12.27,12.14,12.03,21834.59,-0.08,-0.66,12.294,12.439,12.722,33627.4,29804.52,44917.44,0.49
2016-09-30,12.07,12.36,12.35,12.07,23288.77,0.21,1.73,12.232,12.423,12.663,30158.04,29814.6,40590.72,0.53
2016-10-10,12.39,12.8,12.76,12.35,51101.66,0.41,3.32,12.344,12.439,12.628,30202.89,31456.32,38270.7,1.15
2016-10-11,12.74,12.87,12.77,12.66,40528.35,0.01,0.08,12.448,12.455,12.611,31059.12,33065.98,37345.15,0.92
2016-10-12,12.68,12.98,12.84,12.67,40381.06,0.07,0.55,12.572,12.479,12.613,35426.89,34768.58,35694.86,0.91
2016-10-13,12.9,12.92,12.7,12.68,40725.97,-0.14,-1.09,12.684,12.489,12.59,39205.16,36416.28,34885.36,0.92
2016-10-14,12.76,12.92,12.87,12.7,36983.87,0.17,1.34,12.788,12.51,12.58,41944.18,36051.11,34490.03,0.84
2016-10-17,12.88,13.28,12.87,12.81,54856.1,0.0,0.0,12.81,12.577,12.579,42695.07,36448.98,34767.23,1.24
2016-10-18,12.83,12.98,12.94,12.64,43223.57,0.07,0.54,12.844,12.646,12.584,43234.11,37146.62,35294.11,0.98
2016-10-19,12.9,13.05,12.85,12.74,43373.42,-0.09,-0.7,12.846,12.709,12.6,43832.59,39629.74,35064.32,0.98
2016-10-20,12.85,12.94,12.84,12.68,42380.13,-0.01,-0.08,12.874,12.779,12.609,44163.42,41684.29,35744.41,0.96
2016-10-21,12.85,12.86,12.76,12.61,30342.36,-0.08,-0.62,12.852,12.82,12.622,42835.12,42389.65,36102.13,0.69
2016-10-24,12.72,12.83,12.78,12.65,36101.7,0.02,0.16,12.834,12.822,12.631,39084.24,40889.65,36172.98,0.82
2016-10-25,12.78,12.83,12.8,12.7,24384.23,0.02,0.16,12.806,12.825,12.64,35316.37,39275.24,36170.61,0.55
2016-10-26,12.81,13.18,13.04,12.81,86978.98,0.24,1.88,12.844,12.845,12.662,44037.48,43935.03,39351.81,1.96
2016-10-27,13.0,13.0,12.84,12.73,42233.15,-0.2,-1.53,12.844,12.859,12.674,44008.08,44085.75,40251.02,0.95
2016-10-28,12.8,12.94,12.39,12.37,67451.65,-0.45,-3.5,12.77,12.811,12.661,51429.94,47132.53,41591.82,1.52
2016-11-02,12.38,12.5,12.45,12.3,41603.21,-0.02,-0.16,12.704,12.769,12.673,52530.24,45807.24,41128.11,0.94
2016-11-03,12.45,12.58,12.48,12.38,39141.07,0.03,0.24,12.64,12.723,12.685,55481.61,45398.99,41272.8,0.88
2016-11-04,12.55,12.66,12.48,12.4,34100.52,0.0,0.0,12.528,12.686,12.698,44905.92,44471.7,42050.72,0.77
2016-11-07,12.5,12.69,12.61,12.34,40219.01,0.13,1.04,12.482,12.663,12.721,44503.09,44255.59,42969.94,0.91
2016-11-08,12.66,12.66,12.55,12.53,28896.02,-0.06,-0.48,12.514,12.642,12.731,36791.97,44110.95,43250.3,0.65
2016-11-09,12.58,12.59,12.39,12.27,38286.17,-0.16,-1.27,12.502,12.603,12.713,36128.56,44329.4,42609.53,0.86
2016-11-10,12.55,12.59,12.47,12.41,41654.69,0.08,0.65,12.5,12.57,12.698,36631.28,46056.45,42665.84,0.94
2016-11-11,12.5,12.53,12.48,12.42,34845.58,0.01,0.08,12.5,12.514,12.68,36780.29,40843.11,42389.07,0.79
2016-11-14,12.51,12.78,12.75,12.47,59684.7,0.27,2.16,12.528,12.505,12.682,40673.43,42588.26,43337.01,1.35
2016-11-15,12.87,12.87,12.77,12.68,57506.94,0.02,0.16,12.572,12.543,12.677,46395.62,41593.79,44363.16,1.3
2016-11-16,12.78,12.88,12.66,12.64,41447.25,-0.11,-0.86,12.626,12.564,12.667,47027.83,41578.2,43692.72,0.94
2016-11-17,12.66,12.81,12.68,12.6,44208.0,0.02,0.16,12.668,12.584,12.654,47538.49,42084.89,43741.94,1.0
2016-11-18,12.76,13.24,12.9,12.68,127159.4,0.22,1.74,12.752,12.626,12.656,66001.26,51390.78,47931.24,2.87
2016-11-21,12.83,12.98,12.69,12.64,63720.13,-0.21,-1.63,12.74,12.634,12.649,66808.34,53740.89,48998.24,1.44
2016-11-22,12.65,12.85,12.78,12.65,44559.47,0.09,0.71,12.742,12.657,12.65,64218.85,55307.23,49709.09,1.01
2016-11-23,12.76,12.85,12.71,12.64,42656.55,-0.07,-0.55,12.752,12.689,12.646,64460.71,55744.27,50036.84,0.96
2016-11-24,12.69,12.75,12.56,12.51,36044.28,-0.15,-1.18,12.728,12.698,12.634,62827.97,55183.23,50619.84,0.81
2016-11-25,12.54,12.55,12.49,12.18,45892.25,-0.07,-0.56,12.646,12.699,12.607,46574.54,56287.9,48565.5,1.04
2016-11-28,12.5,12.51,12.43,12.34,32532.94,-0.06,-0.48,12.594,12.667,12.586,40337.1,53572.72,48080.49,0.73
2016-11-29,12.43,12.49,12.29,12.28,33622.82,-0.14,-1.13,12.496,12.619,12.581,38149.77,51184.31,46389.05,0.76
2016-11-30,12.3,12.44,12.31,12.24,31385.67,0.02,0.16,12.416,12.584,12.574,35895.59,50178.15,45878.17,0.71
2016-12-01,12.35,12.42,12.34,12.27,28841.81,0.03,0.24,12.372,12.55,12.567,34455.1,48641.53,45363.21,0.65
2016-12-02,12.34,12.4,12.11,12.1,31039.55,-0.23,-1.86,12.296,12.471,12.549,31484.56,39029.55,45210.16,0.7
2016-12-05,12.05,12.22,12.1,12.0,26513.74,-0.01,-0.08,12.23,12.412,12.523,30280.72,35308.91,44524.9,0.6
2016-12-06,12.13,12.21,12.08,12.06,22523.19,-0.02,-0.17,12.188,12.342,12.5,28060.79,33105.28,44206.26,0.51
2016-12-07,12.08,12.14,12.13,11.98,30764.61,0.05,0.41,12.152,12.284,12.487,27936.58,31916.09,43830.18,0.69
2016-12-08,12.13,12.2,12.0,11.98,29777.44,-0.13,-1.07,12.084,12.228,12.463,28123.71,31289.4,43236.32,0.67
2016-12-09,12.01,12.03,11.9,11.77,32102.72,-0.1,-0.83,12.042,12.169,12.434,28336.34,29910.45,43099.17,0.72
2016-12-12,11.85,11.93,10.92,10.86,54214.82,-0.98,-8.23,11.806,12.018,12.343,33876.56,32078.64,42825.68,1.22
2016-12-13,10.91,11.09,10.98,10.77,34491.22,0.06,0.55,11.586,11.887,12.253,36270.16,32165.48,41674.89,0.78
2016-12-14,11.0,11.0,10.79,10.78,19966.13,-0.19,-1.73,11.318,11.735,12.16,34110.47,31023.52,40600.84,0.45
2016-12-15,10.75,11.09,10.99,10.73,26876.65,0.2,1.85,11.116,11.6,12.075,33530.31,30827.01,39734.27,0.61
2016-12-16,10.98,11.37,11.24,10.92,38394.78,0.25,2.27,10.984,11.513,11.992,34788.72,31562.53,35296.04,0.87
2016-12-19,11.24,11.5,11.2,11.19,36771.44,-0.04,-0.36,11.04,11.423,11.918,31300.04,32588.3,33948.6,0.83
2016-12-20,11.2,11.28,11.21,11.0,26623.98,0.01,0.09,11.086,11.336,11.839,29726.6,32998.38,33051.83,0.6
2016-12-21,11.19,11.42,11.35,11.19,26519.9,0.14,1.25,11.198,11.258,11.771,31037.35,32573.91,32245.0,0.6
2016-12-22,11.33,11.44,11.23,11.14,20238.16,-0.12,-1.06,11.246,11.181,11.705,29709.65,31619.98,31454.69,0.46
2016-12-23,11.31,11.35,11.22,11.2,20782.41,-0.01,-0.09,11.242,11.113,11.641,26187.18,30487.95,30199.2,0.47
2016-12-26,11.2,11.37,11.37,11.02,24738.52,0.15,1.34,11.276,11.158,11.588,23780.59,27540.32,29809.48,0.56
2016-12-27,11.46,11.47,11.26,11.21,25138.4,-0.11,-0.97,11.286,11.186,11.537,23483.48,26605.04,29385.26,0.57
2016-12-28,11.27,11.34,11.15,11.13,25459.56,-0.11,-0.98,11.246,11.222,11.479,23271.41,27154.38,29088.95,0.57
2016-12-29,11.11,11.26,11.13,11.09,20102.04,-0.02,-0.18,11.226,11.236,11.418,23244.19,26476.92,28651.96,0.45
2016-12-30,11.16,11.23,11.2,11.11,14740.97,0.07,0.63,11.222,11.232,11.373,22035.9,24111.54,27837.03,0.33
2017-01-03,11.2,11.36,11.36,11.17,38606.09,0.16,1.43,11.22,11.248,11.336,24809.41,24295.0,28441.65,0.87
2017-01-04,11.39,11.44,11.42,11.26,32671.42,0.06,0.53,11.252,11.269,11.303,26316.02,24899.75,28949.06,0.74
2017-01-05,11.4,11.57,11.36,11.33,35004.22,-0.06,-0.53,11.294,11.27,11.264,28224.95,25748.18,29161.04,0.79
2017-01-06,11.39,11.43,11.33,11.24,26848.29,-0.03,-0.26,11.334,11.28,11.231,29574.2,26409.19,29014.59,0.61
2017-01-09,11.3,11.5,11.5,11.21,33717.62,0.17,1.5,11.394,11.308,11.211,33369.53,27702.71,29095.33,0.76
2017-01-10,11.59,11.83,11.67,11.51,60151.68,0.17,1.48,11.456,11.338,11.248,37678.65,31244.03,29392.17,1.36
2017-01-11,11.58,11.71,11.37,11.36,35118.89,-0.3,-2.57,11.446,11.349,11.268,38168.14,32242.08,29423.56,0.79
2017-01-12,11.39,11.43,11.21,11.2,25110.99,-0.16,-1.41,11.416,11.355,11.289,36189.49,32207.22,29680.8,0.57
2017-01-13,11.21,11.21,10.9,10.85,34834.42,-0.31,-2.77,11.33,11.332,11.284,37786.72,33680.46,30078.69,0.79
2017-01-16,10.0,10.09,9.81,9.81,50315.0,-1.09,-10.0,10.992,11.193,11.213,41106.2,37237.86,30674.7,1.14
2017-01-17,8.91,9.39,9.23,8.91,168821.08,-0.58,-5.91,10.504,10.98,11.114,62840.08,50259.36,37277.18,3.81
2017-01-18,9.19,9.24,9.11,9.01,81508.34,-0.12,-1.3,10.052,10.749,11.009,72117.97,55143.05,40021.4,1.84
2017-01-19,9.06,9.24,9.21,8.98,70082.47,0.1,1.1,9.652,10.534,10.902,81112.26,58650.88,42199.53,1.58
2017-01-20,9.23,9.38,9.32,9.13,58900.92,0.11,1.19,9.336,10.333,10.807,85925.56,61856.14,44132.67,1.33
2017-01-23,9.33,9.81,9.58,9.33,81878.12,0.26,2.79,9.29,10.141,10.725,92238.19,66672.19,47187.45,1.85
2017-01-24,9.51,9.51,9.4,9.38,51128.87,-0.18,-1.88,9.324,9.914,10.626,68699.74,65769.91,48506.97,1.15
2017-01-25,9.38,9.48,9.41,9.38,32156.27,0.01,0.11,9.384,9.718,10.534,58829.33,65473.65,48857.86,0.73
2017-01-26,9.43,9.47,9.38,9.36,42058.44,-0.03,-0.32,9.418,9.535,10.445,53224.52,67168.39,49687.81,0.95
2017-02-02,9.38,10.0,9.9,9.38,112.0,0.52,5.54,9.534,9.435,10.384,41466.74,63696.15,48688.31,0.0
2017-02-03,9.43,9.43,9.32,9.26,38436.52,-0.06,-0.64,9.482,9.386,10.29,32778.42,62508.3,49873.08,0.87
2017-02-06,9.32,9.4,9.4,9.32,53321.64,0.08,0.86,9.482,9.403,10.192,33216.97,50958.36,50608.86,1.2
2017-02-07,9.37,9.68,9.57,9.37,98319.86,0.17,1.81,9.514,9.449,10.099,46449.69,52639.51,53891.28,2.22
2017-02-08,9.55,9.6,9.58,9.45,53838.73,0.01,0.1,9.554,9.486,10.01,48805.75,51015.14,54833.01,1.22
2017-02-09,9.59,9.75,9.7,9.55,93814.62,0.12,1.25,9.514,9.524,9.929,67546.27,54506.51,58181.32,2.12
2017-02-10,9.7,9.74,9.65,9.58,86546.52,-0.05,-0.52,9.58,9.531,9.836,77168.27,54973.35,60822.77,1.95
2017-02-13,9.66,9.69,9.64,9.58,72242.59,-0.01,-0.1,9.628,9.555,9.735,80952.46,57084.72,61427.31,1.63
2017-02-14,9.64,9.65,9.58,9.52,61842.01,-0.06,-0.62,9.63,9.572,9.645,73656.89,60053.29,62763.47,1.4
2017-02-15,9.57,10.05,9.85,9.55,144699.52,0.27,2.82,9.684,9.619,9.577,91829.05,70317.4,68742.9,3.27
2017-02-16,9.88,10.5,10.29,9.73,213392.84,0.44,4.47,9.802,9.658,9.547,115744.7,91645.49,77670.82,4.82
2017-02-17,10.2,10.46,10.02,9.98,112087.83,-0.27,-2.62,9.876,9.728,9.557,120852.96,99010.62,80759.46,2.53
2017-02-20,10.06,10.14,10.03,9.89,77675.77,0.01,0.1,9.954,9.791,9.597,121939.59,101446.03,76202.19,1.75
2017-02-21,10.07,10.14,10.09,9.95,73077.41,0.06,0.6,10.056,9.843,9.646,124186.67,98921.78,75780.65,1.65
2017-02-22,10.1,10.14,9.97,9.94,67662.87,-0.12,-1.19,10.08,9.882,9.684,108779.34,100304.2,75659.67,1.53
2017-02-23,9.97,10.05,9.95,9.89,58833.29,-0.02,-0.2,10.012,9.907,9.716,77867.43,96806.07,75656.29,1.33
2017-02-24,10.01,10.1,10.04,9.95,64687.35,0.09,0.91,10.016,9.946,9.739,68387.34,94620.15,74796.75,1.46
2017-02-27,10.08,10.14,10.0,9.95,90012.54,-0.04,-0.4,10.01,9.982,9.769,70854.69,96397.14,76740.93,2.03
2017-02-28,10.04,10.04,9.98,9.9,45731.65,-0.02,-0.2,9.988,10.022,9.797,65385.54,94786.11,77419.7,1.03
2017-03-01,10.01,10.05,10.05,9.9,49937.1,0.07,0.7,10.004,10.042,9.831,61840.39,85309.87,77813.63,1.13
2017-03-02,10.04,10.07,9.9,9.9,56839.9,-0.15,-1.49,9.994,10.003,9.831,61441.71,69654.57,80650.03,1.28
2017-03-03,9.88,9.95,9.9,9.82,41793.07,0.0,0.0,9.966,9.991,9.86,56862.85,62625.09,80817.86,0.94
2017-03-06,9.9,10.06,10.06,9.89,85340.19,0.16,1.62,9.978,9.994,9.893,55928.38,63391.54,82418.78,1.93
2017-03-07,10.02,10.45,10.24,10.0,117142.4,0.18,1.79,10.03,10.009,9.926,70210.53,67798.04,83359.91,2.64
2017-03-08,10.15,10.19,10.12,10.06,72081.77,-0.12,-1.17,10.044,10.024,9.953,74639.47,68239.93,84272.06,1.63
2017-03-09,10.11,10.15,9.91,9.88,59205.31,-0.21,-2.08,10.046,10.02,9.964,75112.55,68277.13,82541.6,1.34
2017-03-10,9.92,9.96,9.9,9.84,43439.74,-0.01,-0.1,10.046,10.006,9.976,75441.88,66152.37,80386.26,0.98
2017-03-13,9.88,9.96,9.96,9.87,42806.71,0.06,0.61,10.026,10.002,9.992,66935.19,61431.78,78914.46,0.97
2017-03-14,9.93,10.19,10.04,9.93,69656.07,0.08,0.8,9.986,10.008,10.015,57437.92,63824.23,79305.17,1.57
2017-03-15,10.04,10.12,10.12,9.9,66860.37,0.08,0.8,9.986,10.015,10.029,56393.64,65516.55,75413.21,1.51
2017-03-16,10.43,10.43,10.17,10.12,106037.65,0.05,0.49,10.038,10.042,10.023,65760.11,70436.33,70045.45,2.39
2017-03-17,10.13,10.28,10.18,10.13,78547.15,0.01,0.1,10.094,10.07,10.031,72781.59,74111.74,68368.42,1.77
2017-03-20,10.16,10.22,10.13,10.02,55146.68,-0.05,-0.49,10.128,10.077,10.036,75249.58,71092.38,67241.96,1.25
2017-03-21,10.11,10.15,10.11,10.06,33429.7,-0.02,-0.2,10.142,10.064,10.037,68004.31,62721.12,65259.58,0.75
2017-03-22,10.07,10.07,9.89,9.88,55779.93,-0.22,-2.18,10.096,10.041,10.033,65788.22,61090.93,64665.43,1.26
2017-03-23,9.91,9.94,9.66,9.01,82129.46,-0.23,-2.33,9.994,10.016,10.018,61006.58,63383.35,65830.24,1.85
2017-03-24,9.69,9.71,9.66,9.54,53376.63,0.0,0.0,9.89,9.992,9.999,55972.48,64377.03,65264.7,1.21
2017-03-27,9.66,9.69,9.6,9.55,40361.14,-0.06,-0.62,9.784,9.956,9.979,53015.37,64132.48,62782.13,0.91
2017-03-28,9.58,9.69,9.65,9.57,33216.61,0.05,0.52,9.692,9.917,9.963,52972.75,60488.53,62156.38,0.75
2017-03-29,9.68,9.71,9.43,9.4,49978.84,-0.22,-2.28,9.6,9.848,9.932,51812.54,58800.38,62158.47,1.13
2017-03-30,9.4,9.41,9.11,9.09,59307.45,-0.32,-3.39,9.49,9.742,9.892,47248.13,54127.36,62281.84,1.34
2017-03-31,9.11,9.2,9.17,9.11,29694.09,0.06,0.66,9.392,9.641,9.856,42511.63,49242.05,61676.89,0.67
2017-04-05,9.22,9.47,9.45,9.19,45592.45,0.28,3.05,9.362,9.573,9.825,43557.89,48286.63,59689.51,1.03
2017-04-06,9.46,9.58,9.46,9.4,39484.16,0.01,0.11,9.324,9.508,9.786,44811.4,48892.08,55806.6,0.89
2017-04-07,9.44,9.55,9.51,9.44,27386.99,0.05,0.53,9.34,9.47,9.756,40293.03,46052.78,53571.86,0.62
2017-04-10,9.6,9.61,9.29,9.2,46886.59,-0.22,-2.31,9.376,9.433,9.725,37808.86,42528.5,52955.92,1.06
2017-04-11,9.28,9.37,9.36,9.19,42318.94,0.07,0.75,9.414,9.403,9.698,40333.83,41422.73,52899.88,0.96
2017-04-12,9.32,9.34,9.27,9.22,27926.38,-0.09,-0.96,9.378,9.37,9.663,36800.61,40179.25,52155.86,0.63
2017-04-13,9.29,9.36,9.3,9.24,23441.95,0.03,0.32,9.346,9.335,9.626,33592.17,39201.78,49845.16,0.53
2017-04-14,9.29,9.33,9.16,9.1,45603.51,-0.14,-1.5,9.276,9.308,9.578,37235.47,38764.25,48782.32,1.03
2017-04-17,9.18,9.25,9.15,9.11,40780.06,-0.01,-0.11,9.248,9.312,9.527,36014.17,36911.51,45519.44,0.92
2017-04-18,9.18,9.18,8.96,8.92,44493.67,-0.19,-2.08,9.168,9.291,9.466,36449.11,38391.47,43816.76,1.0
2017-04-19,8.98,8.98,8.71,8.56,45547.11,-0.25,-2.79,9.056,9.217,9.395,39973.26,38386.94,43336.78,1.03
2017-04-20,8.72,8.75,8.59,8.47,36561.66,-0.12,-1.38,8.914,9.13,9.319,42597.2,38094.69,43493.38,0.83
2017-04-21,8.6,8.63,8.49,8.45,27069.16,-0.1,-1.16,8.78,9.028,9.249,38890.33,38062.9,42057.84,0.61
2017-04-24,8.44,8.48,8.07,7.96,32823.71,-0.42,-4.95,8.564,8.906,9.17,37299.06,36656.62,39592.55,0.74
2017-04-25,8.1,8.21,8.09,8.06,25698.87,0.02,0.25,8.39,8.779,9.091,33540.1,34994.61,38208.67,0.58
2017-04-26,8.12,8.18,8.09,8.06,22515.44,0.0,0.0,8.266,8.661,9.016,28933.77,34453.51,37316.38,0.51
2017-04-27,8.09,8.18,8.17,7.7,53510.01,0.08,0.99,8.182,8.548,8.942,32323.44,37460.32,38331.05,1.21
2017-04-28,8.21,8.39,8.29,8.15,37073.17,0.12,1.47,8.142,8.461,8.885,34324.24,36607.29,37685.77,0.84
2017-05-02,8.3,8.36,8.24,8.2,30966.8,-0.05,-0.6,8.176,8.37,8.841,33952.86,35625.96,36268.74,0.7
2017-05-03,8.24,8.3,8.17,8.13,29543.05,-0.07,-0.85,8.192,8.291,8.791,34721.69,34130.9,36261.18,0.67
2017-05-04,8.22,8.24,8.1,8.05,29405.74,-0.07,-0.86,8.194,8.23,8.724,36099.75,32516.76,35451.85,0.66
2017-05-05,8.18,8.18,8.04,8.03,28696.34,-0.06,-0.74,8.168,8.175,8.653,31137.02,31730.23,34912.46,0.65
2017-05-08,8.0,8.03,7.81,7.8,25271.92,-0.23,-2.86,8.072,8.107,8.568,28776.77,31550.51,34806.7,0.57
2017-05-09,7.81,7.95,7.93,7.68,28822.25,0.12,1.54,8.01,8.093,8.5,28347.86,31150.36,33903.49,0.65
2017-05-10,7.9,7.95,7.67,7.67,37141.06,-0.26,-3.28,7.91,8.051,8.415,29867.46,32294.58,33644.59,0.84
2017-05-11,7.67,7.7,7.59,7.27,39873.22,-0.08,-1.04,7.808,8.001,8.331,31960.96,34030.36,34241.94,0.9
2017-05-12,7.67,7.67,7.58,7.45,25308.26,-0.01,-0.13,7.716,7.942,8.245,31283.34,31210.18,34335.25,0.57
2017-05-15,7.54,7.65,7.61,7.54,23403.35,0.03,0.4,7.676,7.874,8.168,30909.63,29843.2,33225.24,0.53
2017-05-16,7.62,7.8,7.8,7.42,36367.13,0.19,2.5,7.65,7.83,8.1,32418.6,30383.23,33004.6,0.82
2017-05-17,7.75,8.3,8.15,7.75,76950.26,0.35,4.49,7.746,7.828,8.06,40380.44,35123.95,34627.43,1.74
2017-05-18,8.15,8.2,8.01,7.91,53879.29,-0.14,-1.72,7.83,7.819,8.025,43181.66,37571.31,35044.03,1.22
2017-05-19,8.01,8.09,7.93,7.85,36447.63,-0.08,-1.0,7.9,7.808,7.992,45409.53,38346.44,35038.33,0.82
